0755,36561135,075536561135,1299
0755,36561126,075536561126,1299
0755,36561127,075536561127,1299
0755,36561099,075536561099,1299
0755,36561121,075536561121,1299
0755,36561134,075536561134,1299
0755,36561140,075536561140,1299
0755,36561189,075536561189,1299
0755,36561130,075536561130,1299
0755,36561132,075536561132,1299
0755,36561136,075536561136,1299
0755,36561137,075536561137,1299
0755,36561138,075536561138,1299
0755,36561176,075536561176,1299
0755,36561122,075536561122,1299
0755,36561123,075536561123,1299
0755,36561128,075536561128,1299
0755,36561129,075536561129,1299
0755,36561142,075536561142,1299
0755,36561146,075536561146,1299
0755,36561147,075536561147,1299
0755,36561148,075536561148,1299
0755,36561149,075536561149,1299
0755,36561150,075536561150,1299
0755,36561151,075536561151,1299
0755,36561154,075536561154,1299
0755,36561161,075536561161,1299
0755,36561166,075536561166,1299
0755,36561180,075536561180,1299
0755,36561192,075536561192,1299
0755,36561173,075536561173,1299
0755,36561096,075536561096,1299