9263,WWAHXC123456
9264,WWAHXC123456
9265,WWAHXC123456
9266,WWAHXC123456
9267,WWAHXC123456
9268,WWAHXC123456
9269,WWAHXC123456
9270,WWAHXC123456
9271,WWAHXC123456
9272,WWAHXC123456
9273,WWAHXC123456
9274,WWAHXC123456
9275,WWAHXC123456
9276,WWAHXC123456
9277,WWAHXC123456
9278,WWAHXC123456
9279,WWAHXC123456
9280,WWAHXC123456
9281,WWAHXC123456
9282,WWAHXC123456
9283,WWAHXC123456
9284,WWAHXC123456
9285,WWAHXC123456
9286,WWAHXC123456
9287,WWAHXC123456
9288,WWAHXC123456
9289,WWAHXC123456
9290,WWAHXC123456
9291,WWAHXC123456
9292,WWAHXC123456
9293,WWAHXC123456
9294,WWAHXC123456
9295,WWAHXC123456
9296,WWAHXC123456
9297,WWAHXC123456
9298,WWAHXC123456
9299,WWAHXC123456
9300,WWAHXC123456
9301,WWAHXC123456
9302,WWAHXC123456
9303,WWAHXC123456
9304,WWAHXC123456
9305,WWAHXC123456
9306,WWAHXC123456
9307,WWAHXC123456
9308,WWAHXC123456
9309,WWAHXC123456
9310,WWAHXC123456
9311,WWAHXC123456
9312,WWAHXC123456
9313,WWAHXC123456
9314,WWAHXC123456
9315,WWAHXC123456
9316,WWAHXC123456
9317,WWAHXC123456
9318,WWAHXC123456
9319,WWAHXC123456
9320,WWAHXC123456
9321,WWAHXC123456
9322,WWAHXC123456
9323,WWAHXC123456
9324,WWAHXC123456
9325,WWAHXC123456
9326,WWAHXC123456
9327,WWAHXC123456
9328,WWAHXC123456
9329,WWAHXC123456
9330,WWAHXC123456
9331,WWAHXC123456
9332,WWAHXC123456
9333,WWAHXC123456
9334,WWAHXC123456
9335,WWAHXC123456
9336,WWAHXC123456
9337,WWAHXC123456
9338,WWAHXC123456
9339,WWAHXC123456
9340,WWAHXC123456
9341,WWAHXC123456
9342,WWAHXC123456
9343,WWAHXC123456
9344,WWAHXC123456
9345,WWAHXC123456
9346,WWAHXC123456
9347,WWAHXC123456
9348,WWAHXC123456
9349,WWAHXC123456
9350,WWAHXC123456
9351,WWAHXC123456
9352,WWAHXC123456
9353,WWAHXC123456
9354,WWAHXC123456
9355,WWAHXC123456
9356,WWAHXC123456
9357,WWAHXC123456
9358,WWAHXC123456
9359,WWAHXC123456
9360,WWAHXC123456
9361,WWAHXC123456
9362,WWAHXC123456